Index,Name,Description,Brand,Category,Price,Currency,Stock,EAN,Color,Size,Availability,Internal ID,Date
1,Compact Printer Air Advanced Digital,Situation organization these memory much off.,"Garner, Boyle and Flynn",Books & Stationery,265,USD,774,2.09147E+12,ForestGreen,Large,pre_order,56, 01/02/2023
1,Compact Printer Air Advanced Digital,Situation organization these memory much off.,"Garner, Boyle and Flynn",Books & Stationery,265,USD,774,2.09147E+12,ForestGreen,Large,pre_order,56, 01/02/2023
2,Compact Printer Air Advanced Digital,Discussion loss politics free one thousand.,Mueller Inc,Shoes & Footwear,265,USD,81,5.2862E+12,Black,8x10 in,in_stock,29, 2020-12-02
3,Smart Blender Cooker,No situation per.,"Lawson, Keller and Winters",Kitchen Appliances,227,USD,726,1.2829E+12,SlateGray,XS,in_stock,70, 2020-12-03
4,Compact Printer Air Advanced Digital,For force gas energy six laugh.,Gallagher and Sons,Kitchen Appliances,227,USD,896,3.87918E+12,PaleGreen,L,discontinued,31, 2020-12-04
5,Portable Mouse Monitor Phone,Feeling back religious however author room scientist.,Irwin LLC,Kids' Clothing,1,USD,925,9.05577E+12,SeaShell,100x200 mm,discontinued,10,20201205
6,Radio,Character prove growth contain serious customer.,"Benjamin, Nelson and Hancock",Skincare,426,USD,549,1.15003E+12,CornflowerBlue,30x40 cm,pre_order,, 2020-12-06
7,Ultra Projector Oven Thermostat Prime Advanced,Pattern possible look necessary indicate work nearly.,"Mccoy, Waters and Rose",Laptops & Computers,68,USD,870,5.02975E+12,Purple,S,discontinued,86, 2020-12-07
8,Webcam Stove Grill,Deep area join carry age.,Morrow and Sons,Automotive,159,USD,584,9.88373E+12,MediumOrchid,8x10 in,pre_order,50, 2020-12-08
9,Eco Radio,Know father for act let.,"Edwards, Odonnell and Conley",Skincare,454,USD,499,1.77322E+12,DimGray,Medium,pre_order,88, 2020-12-09
10,Ultra Powerbank Brush Charger Max,Meeting add economic task outside.,"Brennan, Archer and Rosales",Fitness Equipment,845,USD,564,4.87711E+12,Silver,Extra Large,discontinued,88, 2020-12-10
11,Wireless Dock,Whole bill sound whether will.,Russo-West,Health & Wellness,257,USD,168,9.68081E+12,Wheat,Extra Large,pre_order,30, 2020-12-11
12,Fast Camera Router Fan Smart,Various above trouble itself crime form.,Vazquez and Sons,Cleaning Supplies,221,USD,672,8.56722E+12,MidnightBlue,Medium,pre_order,32, 2020-12-12
13,Heater Radio,Ten do evidence billion perhaps read bank enter.,Delgado-Blackwell,Cycling,689,USD,156,5.68666E+12,Orange,L,pre_order,,20201213
14,Smart Trimmer Webcam Heater,Example available better.,Contreras PLC,Automotive,279,USD,818,1.94103E+12,Gainsboro,XXL,pre_order,66, 2020-12-14
15,Webcam Dock Heater,State yet soon traditional your deal.,"Juarez, Powell and Travis",Cleaning Supplies,101,USD,159,1.43886E+12,Sienna,30x40 cm,pre_order,88, 2020-12-15
16,Automatic Watch Lite Sense,As east entire positive source their.,"Reid, Chase and Ballard",Team Sports,316,USD,329,3.50072E+12,Tan,5x7 in,limited_stock,44, 2020-12-16
17,Eco Iron Monitor Air,Color single indeed yard event popular food boy.,Barker-Murphy,Automotive,982,USD,47,7.88728E+12,OliveDrab,XL,out_of_stock,79, 2020-12-17
18,Digital Tablet Router Printer Lite,Accept campaign every research test.,Vazquez-Smith,Health & Wellness,3,USD,732,4.17013E+12,LemonChiffon,10x10 cm,backorder,87, 2020-12-18
19,Eco Freezer Powerbank Watch,Of price visit interesting enter three set.,"Pruitt, Higgins and Barnett",Cleaning Supplies,340,USD,618,6.34091E+12,Cyan,S,limited_stock,21, 2020-12-19
20,Cooler Fan,Fall billion city share.,Bray LLC,Smartphones,529,USD,844,0267078141619,Bisque,XS,backorder,, 2020-12-20
21,Portable Camera Plus Air Ultra,Reality hair explain up bad.,Wang-Valenzuela,Women's Clothing,197,USD,163,0963840013930,Magenta,L,in_stock,96, 2020-12-21
22,Wireless Powerbank 360 Advanced Ultra,Deal head decade age outside military culture.,Carney Ltd,Bedding & Bath,677,USD,418,3.91876E+12,Beige,M,out_of_stock,90, 2020-12-22
23,Rechargeable Lamp Speakerphone Headphones,Effort own safe main walk quickly.,"Gallegos, Osborne and Carpenter",Skincare,664,USD,577,1.82436E+12,DarkBlue,L,pre_order,26, 2020-12-23
24,Mini Scooter Microphone,Maybe around expect own whether pay.,"Douglas, Thornton and Soto",Grooming Tools,784,USD,510,9.83967E+12,DimGray,L,backorder,55, 2020-12-24
25,Rechargeable Webcam Stove Grill,Movement you Mr decide history effect.,Horn-Pope,Health & Wellness,900,USD,623,6.50169E+12,PaleGreen,5x7 in,out_of_stock,47, 2020-12-25
26,Mini Iron Drone Wireless Pro,From Congress low.,Khan-Parrish,Cycling,909,USD,797,9.49608E+12,CadetBlue,XXL,limited_stock,93, 2020-12-26
28,Wireless Webcam Stove Grill,Pull at improve health also animal forward person.,Henry Group,Clothing & Apparel,858,USD,912,,LightSalmon,50x70 cm,limited_stock,, 2020-12-27
28,Wireless Webcam Stove Grill,Pull at improve health also animal forward person.,Henry Group,Clothing & Apparel,858,USD,912,,LightSalmon,50x70 cm,limited_stock,43, 2020-12-28
29,Clock Brush,Other another must explain send somebody consider.,Larson-Spence,Furniture,985,USD,180,8.3011E+12,SaddleBrown,Extra Large,in_stock,40, 2020-12-29
30,Keyboard Toaster Monitor,My head prove exist change.,Bonilla-Spears,Kids' Clothing,576,USD,988,6.63933E+12,DarkSlateGray,L,pre_order,40, 2020-12-30
31,Silent Printer Fan Shaver,Region week yet weight.,Love LLC,Sports & Outdoors,102,USD,669,5.56479E+12,MediumSpringGreen,L,limited_stock,14, 2020-12-01
32,Wireless Scooter Clean Mini,Green main imagine way suffer wall.,Terry-Oliver,Fragrances,283,USD,343,9.92175E+12,MintCream,S,pre_order,84, 2020-12-02
33,Advanced Microphone Cooler Eco,Most other newspaper beyond real.,"Morales, Weaver and Fernandez",Smartphones,904,USD,532,7.10744E+12,LightCyan,Extra Large,limited_stock,86, 2020-12-03
34,Automatic Brush Fast Eco,Record response relationship.,Newman Ltd,Kids' Clothing,407,USD,285,2.32748E+12,SeaGreen,8x10 in,out_of_stock,, 2020-12-04
35,Premium Bicycle Microphone,Congress how list third rise.,"Novak, Archer and Walton",Shoes & Footwear,480,USD,364,6.20982E+12,AliceBlue,Extra Large,discontinued,78, 2020-12-05
36,Smart Phone Scooter Clean,Reality kid create thought window.,Marshall-Dougherty,Women's Clothing,635,USD,727,7.8833E+12,MediumVioletRed,10x10 cm,backorder,74, 2020-12-06
37,Bicycle,Garden mother before ten different increase.,Hays-Cunningham,Smartphones,234,USD,394,7.67061E+12,White,10x10 cm,backorder,48, 2020-12-07
38,Ultra Dock Trimmer Automatic Edge,Do customer stage act send.,Barnes-Glass,Kids' Clothing,640,USD,780,2.83711E+12,LightBlue,5x7 in,discontinued,96,20201208
39,Wireless Tablet Router Printer Wireless Premium Air,North meeting short summer situation positive candidate.,Meyers-Hess,Sports & Outdoors,781,USD,947,8.2479E+12,BlanchedAlmond,XL,out_of_stock,69, 2020-12-09
40,Clean Printer Advanced Premium Sense,Bag away always often join seat direction.,Williamson PLC,Haircare,913,USD,820,5.23409E+12,Moccasin,Small,discontinued,77, 2020-12-10
41,Silent Dock Fast,Speak not hospital bit part.,"May, Hendrix and Robbins",Fishing & Hunting,100,USD,802,0938364240247,CadetBlue,M,limited_stock,, 2020-12-11
42,Ultra Speakerphone Oven Go Smart X,Value bill yeah tell phone.,"Zimmerman, Barr and Davis",Office Supplies,999,USD,853,0450118214736,MediumOrchid,12x18 in,pre_order,23, 2020-12-12
43,Rechargeable Projector Pro,Bank everything ago girl.,"Levine, Martin and Mccann",Home Decor,935,USD,55,0655296358115,SlateBlue,XL,limited_stock,52, 2020-12-13
44,Eco Vacuum,Bit name seat sea.,Werner PLC,Health & Wellness,259,USD,668,8.61199E+12,LightCoral,5x7 in,in_stock,45, 2020-12-14
45,Smart Grill Tablet Fridge Go Smart Smart,By result ago born become.,"Huff, Cameron and Stephenson",Fitness Equipment,488,USD,966,9.00578E+12,Cornsilk,10x10 cm,out_of_stock,62, 2020-12-15
46,Digital Stove Silent Pro,Suffer range between step mention peace prepare.,"Suarez, Riddle and Sanders",Health & Wellness,161,USD,349,5.36701E+12,OrangeRed,Extra Large,limited_stock,9, 2020-12-16
47,Portable Powerbank X Air,Present court note medical bed red movie.,Hanson-Schultz,Camping & Hiking,599,USD,263,6.85412E+12,Moccasin,Large,discontinued,17, 2020-12-17
48,Clock,Onto story what job require.,"Malone, Jacobson and Hudson",Team Sports,731,USD,664,1.38281E+12,FloralWhite,S,limited_stock,, 2020-12-18
49,Radio Treadmill,Through choose record prove happen.,Barron-Little,Office Supplies,511,USD,395,5.46196E+12,Violet,XL,discontinued,14, 2020-12-19
50,Ultra Cooler Treadmill Touch Pro Ultra,Certainly simple light safe child PM candidate.,Bonilla-Oconnell,Fragrances,214,USD,574,3.62566E+12,NavajoWhite,XXL,pre_order,33, 2020-12-20
51,Mini Fridge Camera,Little determine at huge month.,Decker and Sons,Fitness Equipment,777,USD,832,4.89423E+12,PaleGoldenRod,Extra Large,in_stock,16, 2020-12-21
52,Rechargeable Tablet Plus Portable Mini,Expect question how sound.,Mooney-Gonzales,Fragrances,820,USD,535,8.18392E+12,Cyan,100x200 mm,in_stock,19, 2020-12-22
53,Tablet,Many deal community public beyond safe anyone.,"Blake, Weiss and Montgomery",Beauty & Personal Care,408,USD,922,8.18331E+12,Chocolate,Medium,backorder,34, 2020-12-23
54,Wireless Light Toaster Lite Touch Eco,Oil guy table industry hand which.,Singleton PLC,Bedding & Bath,791,USD,827,3.05764E+12,Fuchsia,50x70 cm,in_stock,64, 2020-12-24
55,Scooter,Small approach possible choose according.,Rivas Group,Cameras & Accessories,370,USD,601,1.9749E+12,DarkOrchid,L,backorder,46, 2020-12-25
56,Advanced Camera Heater Webcam X Ultra Prime,Audience bit past central film each.,Cervantes Ltd,Office Supplies,224,USD,372,0983367163970,Peru,50x70 cm,discontinued,56, 2020-12-26
57,Ultra Keyboard Compact Eco,Bit responsibility cover him mean call civil.,Pace-Hodges,Books & Stationery,514,USD,491,8.48161E+12,LightGray,8x10 in,backorder,19, 2020-12-27
58,Portable Scale Speaker Powerbank Clean,Throughout special new you view season within.,Morris LLC,Women's Clothing,689,USD,332,5.17504E+12,PowderBlue,Small,backorder,94, 2020-12-28
59,Oven Speaker Fan,Hot behavior traditional.,Schwartz Ltd,Men's Clothing,489,USD,423,2.56756E+12,GoldenRod,Small,pre_order,99, 2020-12-29
60,Automatic Speaker Router Lamp Prime,Word score education thousand high treatment.,"Sexton, Dickerson and Blair",Grooming Tools,621,USD,667,6.7442E+12,FireBrick,5x7 in,in_stock,61, 2020-12-30
61,Smart Webcam Projector Lock,Subject agree you off.,Stokes Inc,Men's Clothing,440,USD,973,4.81193E+12,SteelBlue,Medium,in_stock,3, 2020-12-01
62,Fast Fan,Avoid very final food scene possible.,Ali-Oliver,Cleaning Supplies,982,USD,804,3.38862E+12,DarkOrchid,100x200 mm,backorder,70, 2020-12-02
63,Automatic Cooler Edge,Career for much exist.,"Odonnell, Boyle and Oconnor",Beauty & Personal Care,124,USD,513,6.26179E+12,LimeGreen,50x70 cm,pre_order,83, 2020-12-03
64,Advanced Freezer Advanced Advanced,Chance material himself soldier.,Gill LLC,Office Supplies,489,USD,561,6.47414E+12,Tomato,S,pre_order,48, 2020-12-04
65,Silent Trimmer Shaver Fast,Task point seat better.,Munoz Group,Smartphones,130,USD,876,4.08942E+12,DarkSlateGray,5x7 in,in_stock,76, 2020-12-05
66,Treadmill,Vote only run modern.,"Frost, Christensen and Burnett",Women's Clothing,731,USD,744,4.59854E+12,Cyan,5x7 in,out_of_stock,70, 2020-12-06
67,Mini Charger Lock Oven Sense Sense,Major tell him share allow.,"Burton, Gross and Giles",Haircare,750,USD,623,9.28281E+12,Olive,12x18 in,in_stock,81, 2020-12-07
68,Thermostat Trimmer,Drug interview hotel decide pattern.,"Hester, Love and Lynch","Accessories (Bags, Hats, Belts)",206,USD,677,8.28285E+12,MidnightBlue,8x10 in,discontinued,6, 2020-12-08
69,Clean Iron Premium Air Wireless,Around tough popular present sign herself pattern.,"Shepherd, Greene and House",Beauty & Personal Care,293,USD,700,7.93575E+12,GhostWhite,XXL,out_of_stock,5, 2020-12-09
70,Compact Mouse Mouse Router Mini,Occur miss son Democrat happy.,Barry PLC,Smartwatches,5,USD,247,0252926529077,PapayaWhip,10x10 cm,limited_stock,79, 2020-12-10
71,Premium Lock Mini Advanced,Three character traditional maybe.,"Elliott, Mcfarland and Duran",Automotive,12,USD,439,3.997E+12,Plum,XS,pre_order,40,20201211
72,Silent Webcam Webcam Treadmill Sense Portable Advanced,Leg my mother father.,George-Day,Makeup,148,USD,650,6.90807E+12,Aqua,M,backorder,29, 2020-12-12
73,Compact Thermostat Oven,Focus that consumer amount half.,Hull Inc,Home & Kitchen,685,USD,747,7.69593E+12,SaddleBrown,30x40 cm,in_stock,36, 2020-12-13
74,Wireless Watch Tablet Printer Automatic Eco Sense,Might poor animal must protect blue forward.,Fleming Inc,Smartwatches,59,USD,169,1.08997E+12,Sienna,Large,out_of_stock,31, 2020-12-14
75,Automatic Blender,Smile human machine section bank.,Mahoney-Bryan,Home Decor,630,USD,438,0310774792552,LightGoldenRodYellow,8x10 in,backorder,4, 2020-12-15
76,Rechargeable Webcam Dock Heater,Organization address section collection church gun consumer do.,Kennedy-Gordon,Cycling,800,USD,151,1.34078E+12,Brown,XXL,in_stock,66, 2020-12-16
77,Clean Toaster Oven Air Touch,Heavy threat beautiful material assume piece.,Olsen-Sawyer,Kids' Clothing,365,USD,71,7.80679E+12,LimeGreen,Medium,pre_order,40, 2020-12-17
78,Brush,Control daughter effect investment piece training nation.,"Lowe, Mosley and Rivera",Bedding & Bath,273,USD,623,0168419438521,RoyalBlue,S,in_stock,42, 2020-12-18
79,Portable Kettle,Apply out industry must tell.,Sampson-Leon,Home & Kitchen,50,USD,413,0445370808496,MediumAquaMarine,L,pre_order,25, 2020-12-19
80,Rechargeable Brush Compact,Early century every amount than past.,Castro-Mccarty,Automotive,748,USD,326,6.85506E+12,Sienna,S,out_of_stock,81, 2020-12-20
81,Fast Heater Cooker Compact Silent,Strategy fund mind rather change.,"Decker, Montes and Logan",Makeup,367,USD,19,3.86847E+12,Orchid,8x10 in,in_stock,15, 2020-12-21
82,Mini Drone X Portable,Shoulder cost especially.,Whitney Group,Books & Stationery,352,USD,123,9.4372E+12,BlueViolet,Medium,backorder,12, 2020-12-22
83,Heater Keyboard,Remember here kind enjoy source room reflect be.,Brooks and Sons,Office Supplies,103,USD,208,5.32879E+12,Chocolate,Extra Large,backorder,72, 2020-12-23
84,Wireless Fan Thermostat Max Automatic Max,Design price for especially section college over green.,Kaiser-Banks,Books & Stationery,423,USD,759,1.39641E+12,MidnightBlue,5x7 in,in_stock,81, 2020-12-24
85,Fast Keyboard,Success other institution fear.,Lewis Ltd,Camping & Hiking,998,USD,10,3.16324E+12,Cyan,50x70 cm,limited_stock,64, 2020-12-25
86,Ultra Mixer Toaster Toaster Smart,Much guess have pattern southern true hair miss.,Galloway and Sons,Women's Clothing,342,USD,221,4.86233E+12,Tomato,S,pre_order,88, 2020-12-26
87,Silent Speakerphone Scanner Monitor,Quality yet significant lawyer face field yet realize.,Cowan Inc,Fragrances,593,USD,580,1.71013E+12,Navy,XXL,discontinued,20, 2020-12-27
88,Silent Scanner Monitor Treadmill,Do interesting suggest agreement range admit rule.,"Nichols, Howe and Miller",Health & Wellness,30,USD,728,1.28706E+12,Wheat,10x10 cm,pre_order,60, 2020-12-28
89,Fast Vacuum Cooler,Explain six firm recent rock skin.,Blair-Russell,Sports & Outdoors,307,USD,320,4.87433E+12,LightSalmon,L,limited_stock,5, 2020-12-29
90,Digital Trimmer,Ago floor nice member wait.,Christian-Tanner,Laptops & Computers,541,USD,488,4.14781E+12,SteelBlue,M,pre_order,31, 2020-12-30
91,Automatic Trimmer Sense,Much table ground information news senior.,Harrington-Valentine,Kitchen Appliances,405,USD,950,0000524638185,SlateGray,8x10 in,in_stock,85, 2020-12-31
92,Portable Scooter Wireless Digital,Thousand various evidence.,Bauer Inc,Cameras & Accessories,519,USD,495,4.56428E+12,DeepSkyBlue,Large,in_stock,36, 2020-12-02
93,Fridge Cooker,Try better loss pretty special.,Jackson Group,Furniture,393,USD,499,1.86139E+12,Black,Small,in_stock,80, 2020-12-03
94,Scanner,Draw material quickly most.,"Wang, Ayala and Bowen",Cleaning Supplies,472,USD,63,7.79486E+12,ForestGreen,12x18 in,backorder,8, 2020-12-04
95,Ultra Radio Radio,Shoulder red boy away if.,Maldonado-Ritter,Haircare,382,USD,639,3.61108E+12,Aquamarine,12x18 in,pre_order,48, 2020-12-05
96,Router,Investment everything story buy.,Atkinson Inc,Laptops & Computers,375,USD,703,3.3304E+12,Gainsboro,8x10 in,limited_stock,55,20201206
97,Fast Thermostat Microphone Scooter,Nature notice themselves news.,Shea Ltd,Beauty & Personal Care,289,USD,727,9.2654E+12,White,Extra Large,backorder,25, 2020-12-07
98,Eco Heater Toaster Stove Silent Sense,Understand still or summer rule.,West Ltd,Cleaning Supplies,232,USD,998,5.50587E+12,OldLace,Small,limited_stock,20, 2020-12-08
99,Clean Blender Scale Lite,Final art some push.,"Bell, Gamble and Barrett",Camping & Hiking,241,USD,391,3.89359E+12,Aquamarine,5x7 in,limited_stock,5, 2020-12-09
1,Compact Printer Air Advanced Digital,Situation organization these memory much off.,"Garner, Boyle and Flynn",Books & Stationery,265,USD,774,2.09147E+12,ForestGreen,Large,pre_order,56, 01/02/2023
100,Compact Printer Air Advanced Digital,However public major baby.,"Hebert, Hughes and Trujillo",Bedding & Bath,71,USD,518,8.26426E+12,Brown,Medium,limited_stock,,20201210
